{
  "total_return": 0.011619729690665373,
  "sharpe_ratio": -0.7957596772830077,
  "max_drawdown": 0.042077700423606555,
  "win_rate": 0.4,
  "total_trades": 5
}