{
  "total_return": -0.04682750964481529,
  "sharpe_ratio": -1.587637081454741,
  "max_drawdown": 0.04682750964481529,
  "win_rate": 0.2,
  "total_trades": 5,
  "monte_carlo": {
    "warning": "Insufficient trades for Monte Carlo simulation (minimum 10 required)"
  }
}