{
  "total_return": 1.309315245956653e+54,
  "sharpe_ratio": 6.2422726714282,
  "max_drawdown": 0.8651605862371118,
  "win_rate": 0.4096441195372751,
  "total_trades": 49792
}